{
  "Ac-Br": 3.22726,
  "Ac-Cl": 3.08646,
  "Ac-F": 2.58646,
  "Ac-O": 2.7326,
  "Ag-As": 2.45642,
  "Ag-Br": 2.37642,
  "Ag-Cl": 3.05939,
  "Ag-F": 2.76939,
  "Ag-H": 1.65642,
  "Ag-I": 2.53642,
  "Ag-N": 2.00642,
  "Ag-O": 2.81139,
  "Ag-P": 2.37642,
  "Ag-S": 3.08839,
  "Ag-Se": 2.41642,
  "Ag-Te": 2.66642,
  "Al-As": 2.75646,
  "Al-Br": 2.65646,
  "Al-Cl": 2.48846,
  "Al-F": 2.00146,
  "Al-H": 1.90646,
  "Al-I": 2.86646,
  "Al-N": 2.24646,
  "Al-O": 2.1074,
  "Al-P": 2.69646,
  "Al-S": 2.66646,
  "Al-Se": 2.72646,
  "Al-Te": 2.93646,
  "Am-Br": 3.22944,
  "Am-Cl": 3.08945,
  "Am-F": 2.61945,
  "Am-O": 2.71649,
  "As-Au": 2.26998,
  "As-B": 2.42646,
  "As-Ba": 3.69,
  "As-Be": 2.60649,
  "As-Bi": 2.87642,
  "As-Br": 2.80646,
  "As-C": 2.38646,
  "As-Ca": 3.48295,
  "As-Cd": 3.29295,
  "As-Ce": 3.08644,
  "As-Cl": 2.61646,
  "As-Co": 2.43642,
  "As-Cr": 2.49642,
  "As-Cs": 4.15942,
  "As-Cu": 2.71895,
  "As-Dy": 3.14,
  "As-Er": 3.18,
  "As-Eu": 2.93898,
  "As-F": 2.15646,
  "As-Fe": 2.50642,
  "As-Ga": 2.38998,
  "As-Gd": 3.18,
  "As-Ge": 2.47998,
  "As-Hf": 2.71642,
  "As-Hg": 2.65642,
  "As-Ho": 2.87898,
  "As-I": 3.03646,
  "As-In": 2.66642,
  "As-Ir": 2.58998,
  "As-K": 3.94942,
  "As-La": 3.51293,
  "As-Lu": 3.19649,
  "As-Mg": 3.09293,
  "As-Mn": 2.51642,
  "As-Mo": 2.62701,
  "As-Na": 3.64942,
  "As-Nb": 2.69642,
  "As-Ni": 2.28998,
  "As-O": 2.24546,
  "As-P": 2.29998,
  "As-Pb": 3.02644,
  "As-Pd": 2.34998,
  "As-Pr": 3.35649,
  "As-Pt": 2.30998,
  "As-Rb": 4.04645,
  "As-Re": 2.61998,
  "As-Rh": 2.41998,
  "As-Ru": 2.40998,
  "As-S": 2.84649,
  "As-Sb": 2.64998,
  "As-Sc": 3.04291,
  "As-Se": 2.98649,
  "As-Si": 2.66002,
  "As-Sm": 3.30649,
  "As-Sn": 2.77642,
  "As-Sr": 3.62295,
  "As-Ta": 2.70642,
  "As-Tb": 3.26649,
  "As-Te": 3.10646,
  "As-Th": 3.40649,
  "As-Ti": 2.87642,
  "As-Tl": 3.09644,
  "As-Tm": 3.22649,
  "As-U": 3.02644,
  "As-V": 2.54642,
  "As-W": 2.58998,
  "As-Y": 3.24649,
  "As-Yb": 3.19649,
  "As-Zn": 2.95293,
  "As-Zr": 3.07004,
  "Au-Br": 2.77646,
  "Au-Cl": 2.88295,
  "Au-F": 2.34646,
  "Au-H": 1.41998,
  "Au-I": 3.21295,
  "Au-N": 2.3826,
  "Au-O": 2.34646,
  "Au-P": 2.18998,
  "Au-S": 2.8326,
  "Au-Se": 2.22998,
  "Au-Te": 2.45998,
  "B-B": 1.85846,
  "B-Br": 2.33646,
  "B-Cl": 2.19646,
  "B-F": 1.76646,
  "B-H": 1.59646,
  "B-I": 2.55646,
  "B-N": 1.93846,
  "B-O": 1.82746,
  "B-P": 2.37646,
  "B-S": 2.27646,
  "B-Se": 2.40646,
  "B-Te": 2.65646,
  "Ba-Br": 3.74295,
  "Ba-Cl": 3.55295,
  "Ba-F": 3.05095,
  "Ba-H": 3.08295,
  "Ba-I": 3.99295,
  "Ba-N": 3.33295,
  "Ba-O": 3.14795,
  "Ba-P": 3.48295,
  "Ba-S": 3.66195,
  "Ba-Se": 3.74295,
  "Ba-Te": 3.94295,
  "Be-Br": 2.50649,
  "Be-Cl": 2.36649,
  "Be-F": 1.88749,
  "Be-H": 1.71649,
  "Be-I": 2.70649,
  "Be-N": 2.10649,
  "Be-O": 1.98749,
  "Be-P": 2.55649,
  "Be-S": 2.43649,
  "Be-Se": 2.57649,
  "Be-Te": 2.81649,
  "Bi-Br": 3.17993,
  "Bi-Cl": 3.04291,
  "Bi-F": 2.55291,
  "Bi-H": 2.12642,
  "Bi-I": 3.38291,
  "Bi-N": 2.56329,
  "Bi-O": 2.6608,
  "Bi-P": 2.78642,
  "Bi-S": 3.13291,
  "Bi-Se": 3.24329,
  "Bi-Te": 3.02642,
  "Bk-Br": 3.15233,
  "Bk-Cl": 3.02291,
  "Bk-F": 2.54233,
  "Bk-O": 2.64329,
  "Br-C": 2.26002,
  "Br-Ca": 3.36995,
  "Br-Cd": 3.21295,
  "Br-Ce": 3.40452,
  "Br-Cf": 3.14233,
  "Br-Cl": 2.33296,
  "Br-Co": 2.33642,
  "Br-Cr": 2.97293,
  "Br-Cs": 4.06942,
  "Br-Cu": 2.89295,
  "Br-Dy": 3.16945,
  "Br-Er": 3.14945,
  "Br-Eu": 3.46549,
  "Br-F": 2.20646,
  "Br-Fe": 2.8952,
  "Br-Ga": 2.6426,
  "Br-Gd": 3.19945,
  "Br-Ge": 2.34998,
  "Br-Hf": 2.62642,
  "Br-Hg": 3.09293,
  "Br-Ho": 3.20159,
  "Br-In": 3.05329,
  "Br-Ir": 2.49998,
  "Br-K": 3.8513,
  "Br-La": 3.43293,
  "Br-Li": 3.11654,
  "Br-Lu": 3.11945,
  "Br-Mg": 2.99293,
  "Br-Mn": 3.05293,
  "Br-Mo": 2.8535,
  "Br-Na": 3.57715,
  "Br-Nb": 3.07646,
  "Br-Nd": 3.37293,
  "Br-Ni": 2.80649,
  "Br-Np": 3.21233,
  "Br-O": 2.35646,
  "Br-Os": 2.72002,
  "Br-P": 2.44293,
  "Br-Pa": 3.18437,
  "Br-Pb": 3.62451,
  "Br-Pd": 2.80649,
  "Br-Pm": 3.18233,
  "Br-Pr": 3.27649,
  "Br-Pt": 2.94191,
  "Br-Pu": 3.19233,
  "Br-Rb": 4.05498,
  "Br-Re": 2.70002,
  "Br-Rh": 2.7126,
  "Br-Ru": 2.30998,
  "Br-S": 2.21998,
  "Br-Sb": 2.96646,
  "Br-Sc": 2.94291,
  "Br-Se": 2.78002,
  "Br-Si": 2.55002,
  "Br-Sm": 3.26649,
  "Br-Sn": 3.2152,
  "Br-Sr": 3.54295,
  "Br-Ta": 2.60642,
  "Br-Tb": 3.18649,
  "Br-Te": 2.90002,
  "Br-Th": 3.31945,
  "Br-Ti": 3.20293,
  "Br-Tl": 3.80942,
  "Br-Tm": 3.13945,
  "Br-U": 3.39452,
  "Br-V": 2.87329,
  "Br-W": 2.49998,
  "Br-Y": 3.15649,
  "Br-Yb": 3.12945,
  "Br-Zn": 2.86293,
  "Br-Zr": 2.98004,
  "C-C": 1.89002,
  "C-Cl": 2.11002,
  "C-Co": 2.19691,
  "C-Cu": 2.32649,
  "C-F": 1.76002,
  "C-Fe": 2.25191,
  "C-H": 1.2,
  "C-I": 2.16998,
  "C-N": 1.79202,
  "C-O": 1.97249,
  "C-P": 1.93998,
  "C-Pd": 2.33649,
  "C-Pt": 2.36649,
  "C-S": 2.15002,
  "C-Se": 2.01998,
  "C-Si": 2.23302,
  "C-Te": 2.25998,
  "Ca-Cl": 3.23295,
  "Ca-F": 2.70495,
  "Ca-H": 2.69295,
  "Ca-I": 3.58295,
  "Ca-N": 3.00295,
  "Ca-O": 2.83062,
  "Ca-P": 3.41295,
  "Ca-S": 3.31295,
  "Ca-Se": 3.42295,
  "Ca-Te": 3.62295,
  "Cd-Cl": 3.09295,
  "Cd-F": 2.67395,
  "Cd-H": 2.52295,
  "Cd-I": 3.46295,
  "Cd-N": 2.82295,
  "Cd-O": 2.76695,
  "Cd-P": 3.20295,
  "Cd-S": 3.16695,
  "Cd-Se": 3.26295,
  "Cd-Te": 3.45295,
  "Ce-Cl": 3.25293,
  "Ce-F": 2.75452,
  "Ce-H": 2.34644,
  "Ce-I": 3.62452,
  "Ce-N": 2.78549,
  "Ce-O": 2.86393,
  "Ce-P": 3.00644,
  "Ce-S": 3.36293,
  "Ce-Se": 3.04644,
  "Ce-Te": 3.22644,
  "Cf-Cl": 3.01291,
  "Cf-F": 2.53233,
  "Cf-O": 2.63291,
  "Cl-Cl": 2.14296,
  "Cl-Cm": 3.18291,
  "Cl-Co": 2.74593,
  "Cl-Cr": 2.80293,
  "Cl-Cs": 3.91042,
  "Cl-Cu": 2.75295,
  "Cl-D": 1.5,
  "Cl-Dy": 3.01945,
  "Cl-Er": 2.99944,
  "Cl-Eu": 3.32549,
  "Cl-F": 2.14646,
  "Cl-Fe": 2.86293,
  "Cl-Ga": 2.52646,
  "Cl-Gd": 3.06349,
  "Cl-Ge": 2.49002,
  "Cl-H": 1.5,
  "Cl-Hf": 2.75646,
  "Cl-Hg": 3.24939,
  "Cl-Ho": 3.05159,
  "Cl-I": 3.33295,
  "Cl-In": 3.52939,
  "Cl-Ir": 2.56746,
  "Cl-K": 3.65976,
  "Cl-La": 3.33452,
  "Cl-Li": 2.91814,
  "Cl-Lu": 2.96944,
  "Cl-Mg": 2.79293,
  "Cl-Mn": 2.84593,
  "Cl-Mo": 2.80447,
  "Cl-N": 2.20646,
  "Cl-NH": 3.48195,
  "Cl-Na": 3.39412,
  "Cl-Nb": 2.76291,
  "Cl-Nd": 3.22493,
  "Cl-Ni": 2.62649,
  "Cl-Np": 3.07233,
  "Cl-O": 2.16646,
  "Cl-Os": 2.54002,
  "Cl-P": 2.28746,
  "Cl-Pa": 3.01437,
  "Cl-Pb": 3.39295,
  "Cl-Pd": 2.65649,
  "Cl-Pm": 3.41233,
  "Cl-Pr": 3.12749,
  "Cl-Pt": 2.75646,
  "Cl-Pu": 3.05233,
  "Cl-Rb": 3.86664,
  "Cl-Re": 3.44712,
  "Cl-Rh": 2.62646,
  "Cl-Ru": 2.70646,
  "Cl-S": 2.37002,
  "Cl-Sb": 2.80646,
  "Cl-Sc": 2.92291,
  "Cl-Se": 2.57002,
  "Cl-Si": 2.38002,
  "Cl-Sm": 3.08749,
  "Cl-Sn": 3.13111,
  "Cl-Sr": 3.37295,
  "Cl-Ta": 2.6739,
  "Cl-Tb": 3.04349,
  "Cl-Tc": 2.56002,
  "Cl-Te": 2.73906,
  "Cl-Th": 3.15945,
  "Cl-Ti": 3.02293,
  "Cl-Tl": 3.72942,
  "Cl-Tm": 2.98944,
  "Cl-U": 3.24452,
  "Cl-V": 3.15293,
  "Cl-W": 2.47,
  "Cl-Y": 3.00649,
  "Cl-Yb": 2.98249,
  "Cl-Zn": 2.72293,
  "Cl-Zr": 3.33651,
  "Cm-F": 2.68291,
  "Cm-O": 2.79291,
  "Co-F": 2.35293,
  "Co-H": 1.9278,
  "Co-I": 2.52878,
  "Co-In": 3.13629,
  "Co-N": 2.36293,
  "Co-O": 2.40493,
  "Co-P": 2.36642,
  "Co-S": 2.65293,
  "Co-Se": 2.39642,
  "Co-Te": 2.61642,
  "Cr-F": 2.45293,
  "Cr-H": 1.67642,
  "Cr-I": 3.19293,
  "Cr-N": 2.5152,
  "Cr-O": 2.44293,
  "Cr-P": 2.42642,
  "Cr-S": 2.72491,
  "Cr-Se": 2.44642,
  "Cr-Te": 2.67642,
  "Cs-F": 3.49942,
  "Cs-H": 3.55942,
  "Cs-I": 4.40942,
  "Cs-N": 3.94942,
  "Cs-O": 3.53642,
  "Cs-P": 3.64194,
  "Cs-S": 4.24942,
  "Cs-Se": 4.21655,
  "Cs-Te": 4.4631,
  "Cu-F": 2.46295,
  "Cu-H": 1.81649,
  "Cu-I": 3.01795,
  "Cu-N": 2.49295,
  "Cu-O": 2.47295,
  "Cu-P": 2.65649,
  "Cu-S": 2.76095,
  "Cu-Se": 2.76295,
  "Cu-Te": 2.87649,
  "D-F": 1.1,
  "D-N": 1.2,
  "D-O": 1.2,
  "Dy-F": 2.52944,
  "Dy-H": 2.09,
  "Dy-I": 3.39945,
  "Dy-N": 2.38,
  "Dy-O": 2.65651,
  "Dy-P": 2.77,
  "Dy-S": 2.823,
  "Dy-Se": 2.81,
  "Dy-Te": 3.22,
  "Er-F": 2.51049,
  "Er-H": 2.06,
  "Er-I": 3.38945,
  "Er-N": 2.36,
  "Er-O": 2.63651,
  "Er-P": 2.75,
  "Er-S": 3.27651,